dataset	field	rows	missing_count	missing_percentage	unique_values	unique_percentage
train_source1	entity_id	2206821	0	0.0	2206821	100.0
train_source1	business_name	2206821	0	0.0	1539229	69.7487
train_source1	business_address	2206821	0	0.0	2130606	96.5464
train_source1	country	2206821	0	0.0	2	0.0001
train_source2	entity_id	5034616	0	0.0	5034616	100.0
train_source2	business_name	5034616	0	0.0	4402009	87.4349
train_source2	business_address	5034616	168967	3.3561	4337262	86.1488
train_source2	country	5034616	0	0.0	2	0.0
train_source3	entity_id	5285603	0	0.0	5285603	100.0
train_source3	business_name	5285603	0	0.0	4651609	88.0053
train_source3	business_address	5285603	175916	3.3282	4632765	87.6488
train_source3	country	5285603	0	0.0	2	0.0
test_source1	entity_id	1732544	0	0.0	1732544	100.0
test_source1	business_name	1732544	0	0.0	1238930	71.5093
test_source1	business_address	1732544	0	0.0	1677922	96.8473
test_source1	country	1732544	13576	0.7836	4	0.0002
test_source2	entity_id	4887273	0	0.0	4887273	100.0
test_source2	business_name	4887273	0	0.0	4311041	88.2095
test_source2	business_address	4887273	129408	2.6479	4224784	86.4446
test_source2	country	4887273	0	0.0	3	0.0001
test_source3	entity_id	5082316	0	0.0	5082316	100.0
test_source3	business_name	5082316	0	0.0	4521929	88.9738
test_source3	business_address	5082316	136098	2.6779	4456436	87.6851
test_source3	country	5082316	0	0.0	3	0.0001
