dataset	field	metric	value
train_source1	business_name	characters_mean	24.03440333402664
train_source1	business_name	characters_median	24.0
train_source1	business_name	characters_p99	42.0
train_source1	business_name	words_mean	3.5476130596908404
train_source1	business_address	characters_mean	52.06621289175697
train_source1	business_address	characters_median	41.0
train_source1	business_address	characters_p99	124.0
train_source1	business_address	words_mean	8.031722554751836
train_source2	business_name	characters_mean	25.103574930044317
train_source2	business_name	characters_median	25.0
train_source2	business_name	characters_p99	48.0
train_source2	business_name	words_mean	3.496623575660984
train_source2	business_address	characters_mean	46.22590858965212
train_source2	business_address	characters_median	37.0
train_source2	business_address	characters_p99	118.0
train_source2	business_address	words_mean	7.285135549563264
train_source3	business_name	characters_mean	25.202143823514554
train_source3	business_name	characters_median	25.0
train_source3	business_name	characters_p99	50.0
train_source3	business_name	words_mean	3.525458117077654
train_source3	business_address	characters_mean	46.71443731207206
train_source3	business_address	characters_median	42.0
train_source3	business_address	characters_p99	115.0
train_source3	business_address	words_mean	7.171957674460227
test_source1	business_name	characters_mean	23.83258549277825
test_source1	business_name	characters_median	24.0
test_source1	business_name	characters_p99	42.0
test_source1	business_name	words_mean	3.5221824092201985
test_source1	business_address	characters_mean	57.194773119759155
test_source1	business_address	characters_median	50.0
test_source1	business_address	characters_p99	126.0
test_source1	business_address	words_mean	8.588209015182299
test_source2	business_name	characters_mean	25.703646184692364
test_source2	business_name	characters_median	25.0
test_source2	business_name	characters_p99	49.0
test_source2	business_name	words_mean	3.586043996314509
test_source2	business_address	characters_mean	50.413405594490015
test_source2	business_address	characters_median	43.0
test_source2	business_address	characters_p99	120.0
test_source2	business_address	words_mean	7.798124639241556
test_source3	business_name	characters_mean	25.65519440349636
test_source3	business_name	characters_median	25.0
test_source3	business_name	characters_p99	50.0
test_source3	business_name	words_mean	3.5962077131764336
test_source3	business_address	characters_mean	48.74047087981149
test_source3	business_address	characters_median	43.0
test_source3	business_address	characters_p99	117.0
test_source3	business_address	words_mean	7.512219822616303
