source1_entity_id	matched_entity_id	s1_business_name	m_business_name	s1_business_name_clean	m_business_name_clean	s1_business_name_core	m_business_name_core	s1_business_address	m_business_address	s1_business_address_clean	m_business_address_clean
S1-29845983	S2-648035184	Hendricks and Flowers Inc	Hendricks and  Flowers Inc	hendricks and flowers inc	hendricks and flowers inc	hendricks and flowers	hendricks and flowers	33 Sleepy Hollow Drive, Danbury, CT	CT, SLEEPY HOLLOW DRIVE, DANBURY	33 sleepy hollow drive danbury court	court sleepy hollow drive danbury
S1-546142636	S2-582477216	Crystal Staffing Solutions LLC	CRYSTAL STAFFING SOLUTIONS-L.L.C.	crystal staffing solutions llc	crystal staffing solutions llc	crystal staffing solutions	crystal staffing solutions	8706 Kentucky Derby Drive, Waxhaw, NC	8706 KENTUCKY DERBY DR, WAXHAW, NC	8706 kentucky derby drive waxhaw nc	8706 kentucky derby drive waxhaw nc
S1-274126313	S2-736616474	Obsidian, LLC	Obsidian,-LLC	obsidian llc	obsidian llc	obsidian	obsidian	3907 Hamilton Road, Deer Park, WA	3907 HAMILTON RD, DEER PARK CIYT, WA	3907 hamilton road deer park wa	3907 hamilton road deer park ciyt wa
S1-274126313	S2-680265918	Obsidian, LLC	obsidian, llc	obsidian llc	obsidian llc	obsidian	obsidian	3907 Hamilton Road, Deer Park, WA		3907 hamilton road deer park wa	
S1-274126313	S3-925631694	Obsidian, LLC	Obsidian, Llc	obsidian llc	obsidian llc	obsidian	obsidian	3907 Hamilton Road, Deer Park, WA	Deer Park, Washington, Hamilton Rd	3907 hamilton road deer park wa	deer park washington hamilton road
S1-274126313	S3-461175723	Obsidian, LLC	Obsidian, [[LLC]]	obsidian llc	obsidian llc	obsidian	obsidian	3907 Hamilton Road, Deer Park, WA		3907 hamilton road deer park wa	
S1-727602285	S2-23141904	Swastik Om Solutions LLP	>> SWASTIK OM SOLUTIONS L.L.P.	swastik om solutions llp	swastik om solutions llp	swastik om solutions	swastik om solutions	201/D, Aditya, Svp Nagar Andheri (W), Mumbai, Mumbai City, Maharashtra	201/D, BHIWANDI, BOMBAY, महाराष्ट्र	201 d aditya svp nagar andheri west mumbai mumbai city maharashtra	201 d bhiwandi bombay महरषटर
S1-65263544	S2-881122703	Caldeon Nova	Caldeon  Nova	caldeon nova	caldeon nova	caldeon nova	caldeon nova	1 Greenbrier Drive, Kimberling City, MO	GREENBRIER DRIVE, KIMBERLING CITY, MO	1 greenbrier drive kimberling city mo	greenbrier drive kimberling city mo
S1-65263544	S2-180463458	Caldeon Nova	CALDEON NOVA	caldeon nova	caldeon nova	caldeon nova	caldeon nova	1 Greenbrier Drive, Kimberling City, MO	MO, KIMBERLING CITY, 1 GREENBRIER DRIVE	1 greenbrier drive kimberling city mo	mo kimberling city 1 greenbrier drive
S1-65263544	S3-102573485	Caldeon Nova	>> caldeon nova	caldeon nova	caldeon nova	caldeon nova	caldeon nova	1 Greenbrier Drive, Kimberling City, MO	#1 Greenbrier Dr, Kimberling City, Missouri	1 greenbrier drive kimberling city mo	1 greenbrier drive kimberling city missouri
S1-65263544	S3-350074034	Caldeon Nova	Caldeon NOVA	caldeon nova	caldeon nova	caldeon nova	caldeon nova	1 Greenbrier Drive, Kimberling City, MO	#1 Greenbrier Drive, Missouri, Kimberling City	1 greenbrier drive kimberling city mo	1 greenbrier drive missouri kimberling city
S1-840162906	S3-800978181	Summit Health LLC	Summit Health L.L.C.	summit health llc	summit health llc	summit health	summit health	95 Forest Edge Drive, Eads, TN	Forest Edge Drive, Eads, Tennessee	95 forest edge drive eads tn	forest edge drive eads tennessee
S1-840162906	S3-139858754	Summit Health LLC	summit health llc	summit health llc	summit health llc	summit health	summit health	95 Forest Edge Drive, Eads, TN	95 Forest Edge Dr, Eads, Tennessee	95 forest edge drive eads tn	95 forest edge drive eads tennessee
S1-567308588	S2-964733072	Zander Blue Co	ZANDER BLUE [CO]	zander blue co	zander blue co	zander blue	zander blue	9236 Meadowmont View Drive, Charlotte, NC	9238 MEADOWMONT VIEW DRIVE, CHRALOTTE CITY, NC	9236 meadowmont view drive charlotte nc	9238 meadowmont view drive chralotte city nc
S1-525304403	S2-815373751	True Factory Ltd	True Factory-Ltd	true factory ltd	true factory ltd	true factory	true factory	C/O Sri G P Srivastva At, Idagah Mohall, Dehri-On-S, Dehri, Rohtas, Bihar	C/O SRI G P SRIVASTVA AT, IDAGAH MOHALL, DEHRI-ON-S, DEHRI, Bihar	c o sri g p srivastva at idagah mohall dehri on south dehri rohtas bihar	c o sri g p srivastva at idagah mohall dehri on south dehri bihar
S1-525304403	S3-477957595	True Factory Ltd	true factory ltd	true factory ltd	true factory ltd	true factory	true factory	C/O Sri G P Srivastva At, Idagah Mohall, Dehri-On-S, Dehri, Rohtas, Bihar	C/o Sri G P Srivastva At, Idagah Mohall, Dehri-on-s, Dehri, Rohtas, BR	c o sri g p srivastva at idagah mohall dehri on south dehri rohtas bihar	c o sri g p srivastva at idagah mohall dehri on south dehri rohtas br
S1-876102895	S3-856057185	Physical Therapy Clinic	Physical  Therapy-Clinic	physical therapy clinic	physical therapy clinic	physical therapy clinic	physical therapy clinic	5208 Beacon Falls Drive, Fl 1, Columbia, MO	005208 Beacon Falls Dr, Fl 1, Columbia, Missouri	5208 beacon falls drive fl 1 columbia mo	005208 beacon falls drive fl 1 columbia missouri
S1-730719211	S2-61695240	Renee G. Garcia, O.D.	RENEE G. GARCIA, O.D.	renee g garcia od	renee g garcia od	renee g garcia od	renee g garcia od	516 Main Street, Cleburne, TX	TX, CLEBURNE, 51 MAIN STREET	516 main street cleburne tx	tx cleburne 51 main street
S1-730719211	S2-241456014	Renee G. Garcia, O.D.	renee g. garcia, o.d.	renee g garcia od	renee g garcia od	renee g garcia od	renee g garcia od	516 Main Street, Cleburne, TX	51 MAIN STREET, CLEBURNE, TX	516 main street cleburne tx	51 main street cleburne tx
S1-730719211	S3-951830396	Renee G. Garcia, O.D.	Renee G Garcia, OD	renee g garcia od	renee g garcia od	renee g garcia od	renee g garcia od	516 Main Street, Cleburne, TX	516 Main St, Cleburne, Texas	516 main street cleburne tx	516 main street cleburne texas
S1-131928575	S2-316703436	Jeanlouis Advantage LLC	Jeanlouis Advantage-LLC	jeanlouis advantage llc	jeanlouis advantage llc	jeanlouis advantage	jeanlouis advantage	70 Luna Trail, Southbury, CT	SOUTHBURY, LUNA TRAIL, CT	70 luna trail southbury court	southbury luna trail court
S1-131928575	S3-504772212	Jeanlouis Advantage LLC	Jeanlouis Advantage Llc	jeanlouis advantage llc	jeanlouis advantage llc	jeanlouis advantage	jeanlouis advantage	70 Luna Trail, Southbury, CT		70 luna trail southbury court	
S1-574308285	S2-961415907	Atlantic Coalition	Atlantic  Coalition	atlantic coalition	atlantic coalition	atlantic coalition	atlantic coalition	104 Noel Cove Circle, Nashville, TN	00104 NOEL COVE CIRCLE, HERMITAGE, TN	104 noel cove circle nashville tn	00104 noel cove circle hermitage tn
S1-842533642	S3-429170537	Certified Digital Associates Center	certified digital associates center	certified digital associates center	certified digital associates center	certified digital associates center	certified digital associates center	6984 Vining Street, Chino, CA	California, #6984 Vining St, Chino	6984 vining street chino ca	california 6984 vining street chino
S1-736418916	S2-458035790	Sonipat Engineering	Sonipat  Engineering	sonipat engineering	sonipat engineering	sonipat engineering	sonipat engineering	Khewat No 88, Kila No-45/12/1/3/5 Narela Road, Piau Maniyari, Kundli, Sonipat, Sonepat, Haryana	KHEWAT NO 88., KILA NO-45/12/1/3/5 NARELA ROAD, PIAU MANIYARI, KUNDLI, SONIPAT, Haryana	khewat number 88 kila number 45 12 1 3 5 narela road piau maniyari kundli sonipat sonepat haryana	khewat number 88 kila number 45 12 1 3 5 narela road piau maniyari kundli sonipat haryana
S1-731397769	S2-184664253	Fasoft Midwest Biopharma	fasoft midwest biopharma	fasoft midwest biopharma	fasoft midwest biopharma	fasoft midwest biopharma	fasoft midwest biopharma	112 Hummingbird Hill Road, Franklin, NC	112 HUMMINGBIRD HILL ROAD, FRANKLIN, NC	112 hummingbird hill road franklin nc	112 hummingbird hill road franklin nc
S1-731397769	S3-170055411	Fasoft Midwest Biopharma	fasoft midwest biopharma	fasoft midwest biopharma	fasoft midwest biopharma	fasoft midwest biopharma	fasoft midwest biopharma	112 Hummingbird Hill Road, Franklin, NC	111 Hummingbird Hill Road, Franklin, North Carolina	112 hummingbird hill road franklin nc	111 hummingbird hill road franklin north carolina
S1-957102563	S2-763063986	Vadodara Industries Pvt Ltd	VADODARA INDUSTRIES PVT (LTD)	vadodara industries pvt ltd	vadodara industries pvt ltd	vadodara industries	vadodara industries	5Th Floor, E/504-A, Lalita Tower Jetalpur Road, Vadodara, Gujarat	H.NO ##5TH FLOOR, E/504-A, LALITA TOWER JETALPUR ROAD, VADODARA, ગુજરાત	5th floor east 504 a lalita tower jetalpur road vadodara gujarat	hno 5th floor east 504 a lalita tower jetalpur road vadodara ગજરત
S1-693111833	S2-289199523	Viraaj Brokerage (India) Corporation	VIRAAJ BROKERAGE (INDIA) CORPORATION	viraaj brokerage india corporation	viraaj brokerage india corporation	viraaj brokerage india	viraaj brokerage india	16 Tara Chand Dutta Street, 3Rd Floor, Kolkata, Kolkata, Howrah, West Bengal	16 TARA CHAND DUTTA STREET, 3RD FLOOR, KOLKATA, KOLKATA, West Bengal	16 tara chand dutta street 3rd floor kolkata kolkata howrah west bengal	16 tara chand dutta street 3rd floor kolkata kolkata west bengal
S1-638848187	S2-720163352	Capano Labs LLC	Capano Labs Llc	capano labs llc	capano labs llc	capano labs	capano labs	Chicago, 11440 Union Avenue, IL	1440 UNION AVENUE, CHICAGO, IL	chicago 11440 union avenue il	1440 union avenue chicago il
S1-638848187	S2-385237185	Capano Labs LLC	capano labs llc	capano labs llc	capano labs llc	capano labs	capano labs	Chicago, 11440 Union Avenue, IL	1440 UNION AVENUE, CHICAGO, IL	chicago 11440 union avenue il	1440 union avenue chicago il
S1-638848187	S2-2393709	Capano Labs LLC	Capano-Labs LLC	capano labs llc	capano labs llc	capano labs	capano labs	Chicago, 11440 Union Avenue, IL	1440 UNION AVE, CHICAGO, IL	chicago 11440 union avenue il	1440 union avenue chicago il
S1-638848187	S3-823200767	Capano Labs LLC	Capano  Labs LLC	capano labs llc	capano labs llc	capano labs	capano labs	Chicago, 11440 Union Avenue, IL	Union Avenue, Chicagot Ownship, Illinois	chicago 11440 union avenue il	union avenue chicagot ownship illinois
S1-638848187	S3-860885625	Capano Labs LLC	Capano LABS LLC	capano labs llc	capano labs llc	capano labs	capano labs	Chicago, 11440 Union Avenue, IL	11440 Union Avenue, Chicagot Ownship, Illinois	chicago 11440 union avenue il	11440 union avenue chicagot ownship illinois
S1-152222475	S3-933485363	Ram Maa Logistics Private Limited	Ram Maa Logistics-Private Limited	ram maa logistics private limited	ram maa logistics private limited	ram maa logistics	ram maa logistics	G-1, Floor-Grd, One Avighna Park, Mahadeo Palav Marg, Curry Road Parel, Mumbai, Maharashtra	G-1, Mumbai, Mira-bhayandar, MH	g 1 floor grd one avighna park mahadeo palav marg curry road parel mumbai maharashtra	g 1 mumbai mira bhayandar mh
S1-161556164	S2-857236633	ZA Buildwell Private Limited	ZA Buildwell Private  (Limited)	za buildwell private limited	za buildwell private limited	za buildwell	za buildwell	Sameer Nagar Ward No- 25 District- Khagaria, Bihar, Khagaria, Bihar	SAMEER NAGAR WARD NO- D/25 DISTRICT- KHAGARIA, BIHAR, KHAGARIA, Bihar	sameer nagar ward number 25 district khagaria bihar khagaria bihar	sameer nagar ward number d 25 district khagaria bihar khagaria bihar
S1-161556164	S3-729432354	ZA Buildwell Private Limited	ZA Buildwell Private  Limited	za buildwell private limited	za buildwell private limited	za buildwell	za buildwell	Sameer Nagar Ward No- 25 District- Khagaria, Bihar, Khagaria, Bihar	Sameer Nagar Ward No- 45 District- Khagaria, Bihar, Khagaria, BR	sameer nagar ward number 25 district khagaria bihar khagaria bihar	sameer nagar ward number 45 district khagaria bihar khagaria br
S1-145714579	S2-372650368	Schubert Adr LLC	schubert adr llc	schubert adr llc	schubert adr llc	schubert adr	schubert adr	6445 Moors Place, Dublin, OH	6445- MOORS PL, DUBLIN, OH	6445 moors place dublin oh	6445 moors place dublin oh
S1-145714579	S2-555326071	Schubert Adr LLC	Schubert Adr L.L.C.	schubert adr llc	schubert adr llc	schubert adr	schubert adr	6445 Moors Place, Dublin, OH	6445- MOORS PL, DUBLIN, OH	6445 moors place dublin oh	6445 moors place dublin oh
S1-145714579	S3-745131290	Schubert Adr LLC	schubert adr llc	schubert adr llc	schubert adr llc	schubert adr	schubert adr	6445 Moors Place, Dublin, OH	Ohio, Dublin Township, ##6445 Moors Place	6445 moors place dublin oh	ohio dublin township 6445 moors place
S1-136081707	S3-198554090	Green Global Apogee	Green  Global Apogee	green global apogee	green global apogee	green global apogee	green global apogee	60 Taft Brook Road, Dover, VT	60 Taft Brook Road, Dover, Vermont	60 taft brook road dover vt	60 taft brook road dover vermont
S1-540645835	S2-718774116	FLV Holding Private Limited	flv holding private limited	flv holding private limited	flv holding private limited	flv holding	flv holding	No.3, 4Th Cross, Madina Nagar, Maniammai Street Rajakilpakkam, Kamarajapuram, Chennai, Tamil Nadu	###3 , 4TH CROSS, MADINA NAGAR, MANIAMMAI STREET RAJAKILPAKKAM, KAMARAJAPURAM, CHENNAI, Tamil Nadu	no3 4th cross madina nagar maniammai street rajakilpakkam kamarajapuram chennai tamil nadu	3 4th cross madina nagar maniammai street rajakilpakkam kamarajapuram chennai tamil nadu
S1-24234371	S3-669346845	Education Committee	Education [Committee]	education committee	education committee	education committee	education committee	335 Terry Boulevard, Islip, NY	##335 Terry Boulevard, Islip, New York	335 terry boulevard islip ny	335 terry boulevard islip new york
S1-24234371	S3-864938817	Education Committee	Education  Committee	education committee	education committee	education committee	education committee	335 Terry Boulevard, Islip, NY	New York, Islip, ##335 Terry Blvd	335 terry boulevard islip ny	new york islip 335 terry boulevard
S1-170252930	S2-233855016	Keystone Tri-State Ethereum LLC	Keystone  Tri-State Ethereum L.L.C.	keystone tri state ethereum llc	keystone tri state ethereum llc	keystone tri state ethereum	keystone tri state ethereum	1304 Woodland Street, Springfield, MO		1304 woodland street springfield mo	
S1-652339606	S3-946979261	Libra Service Limited	Libra Service  Limited	libra service limited	libra service limited	libra service	libra service	2 Rwm, Ravwala Soubhagya, Ravwala, Bajju, Kolayat, Bikaner, Rajasthan		2 rwm ravwala soubhagya ravwala bajju kolayat bikaner rajasthan	
S1-453879293	S2-166379583	Clary Daniel Heritage Sciences	Clary  Daniel Heritage Sciences	clary daniel heritage sciences	clary daniel heritage sciences	clary daniel heritage sciences	clary daniel heritage sciences	4045 Berberis Way, Wilmington, NC	WILMINGTON, 4045 BERBERIS WAY, NC	4045 berberis way wilmington nc	wilmington 4045 berberis way nc
S1-385608858	S3-212832942	Janashakti (India) Square Private Limited	janashakti (india) square private limited	janashakti india square private limited	janashakti india square private limited	janashakti india square	janashakti india square	105, Mangalmurti Sapphire, Nr Omkar School, 90 Ft Rd, Kalyan, Thane, Maharashtra	105, Mangalmurti Sapphire, Nr Omkar School, 90 Ft Rd, Kalyan, Thane, MH	105 mangalmurti sapphire near omkar school 90 ft road kalyan thane maharashtra	105 mangalmurti sapphire near omkar school 90 ft road kalyan thane mh
S1-541270202	S3-425705194	Sofie Greenman, O.D.	Sofie Greenman,-O.D.	sofie greenman od	sofie greenman od	sofie greenman od	sofie greenman od	356 Bell Factory Road, Huntsville, AL		356 bell factory road huntsville al	
S1-551473015	S2-6101812	Prerna Products Private Limited	prerna products private limited	prerna products private limited	prerna products private limited	prerna products	prerna products	Kazhayickal House West Kodiyathoor, Po Kodiyathoor, Kozhikode, Kerala	KAZHAYICKAL HOUSE WEST KODIYATHOOR, PO KODIYATHOOR, Kerala	kazhayickal house west kodiyathoor po kodiyathoor kozhikode kerala	kazhayickal house west kodiyathoor po kodiyathoor kerala
