dataset	field	nonempty_rows	unique_values	repeated_values	rows_in_collisions	collision_row_percentage	max_frequency
train_source1	business_name_clean	2206821	1517496	181570	870895	39.4638	253
train_source1	business_name_core	2206821	1354836	200052	1052037	47.6721	534
train_source1	business_name_compact	2206821	1517316	181659	871164	39.476	253
train_source1	business_address_clean	2206821	2129926	40744	117639	5.3307	14
train_source1	address_compact	2206821	2128458	42096	120459	5.4585	14
train_source2	business_name_clean	5034616	4011232	400881	1424265	28.2894	526
train_source2	business_name_core	5034616	3553429	537005	2018192	40.0863	680
train_source2	business_name_compact	5034616	4000234	404415	1438797	28.5781	612
train_source2	business_address_clean	4865649	4090347	565461	1340763	27.5557	31
train_source2	address_compact	4865649	4088954	566269	1342964	27.6009	31
train_source3	business_name_clean	5285603	4268249	406006	1423360	26.929	521
train_source3	business_name_core	5285603	3806733	534228	2013098	38.0864	615
train_source3	business_name_compact	5285603	4255979	409366	1438990	27.2247	595
train_source3	business_address_clean	5109687	4438785	497147	1168049	22.8595	35
train_source3	address_compact	5109687	4435780	498536	1172443	22.9455	35
test_source1	business_name_clean	1732544	1227463	132239	637320	36.7852	205
test_source1	business_name_core	1732544	1095737	144546	781353	45.0986	465
test_source1	business_name_compact	1732544	1227336	132296	637504	36.7958	205
test_source1	business_address_clean	1732544	1674104	34296	92736	5.3526	96
test_source1	address_compact	1732544	1672649	35556	95451	5.5093	96
test_source2	business_name_clean	4887273	3990190	363703	1260786	25.7973	302
test_source2	business_name_core	4887273	3554964	499651	1831960	37.4843	641
test_source2	business_name_compact	4887273	3982419	366609	1271463	26.0158	312
test_source2	business_address_clean	4757865	4005402	595909	1348372	28.3399	92
test_source2	address_compact	4757865	4002801	597692	1352756	28.432	92
test_source3	business_name_clean	5082316	4197838	365357	1249835	24.5918	387
test_source3	business_name_core	5082316	3748371	498114	1832059	36.0477	617
test_source3	business_name_compact	5082316	4189117	368113	1261312	24.8177	387
test_source3	business_address_clean	4946218	4284530	521568	1183256	23.9224	89
test_source3	address_compact	4946218	4279773	524087	1190532	24.0695	89
